frame,speed,steering_angle
000000,0.05,0.0
000001,0.1,0.0
000002,0.15000000000000002,0.0
000003,0.2,0.0
000004,0.25,0.0
000005,0.3,0.0
000006,0.35,0.0
000007,0.35,-0.1
000008,0.35,-0.2
000009,0.35,-0.30000000000000004
000010,0.35,-0.20000000000000004
000011,0.35,-0.30000000000000004
