frame,speed,steering_angle
000000,0.05,0.0
000001,0.1,0.0
000002,0.15000000000000002,0.0
000003,0.2,0.0
000004,0.25,0.0
000005,0.3,0.0
000006,0.35,0.0
000007,0.39999999999999997,0.0
000008,0.44999999999999996,0.0
000009,0.49999999999999994,0.0
000010,0.5499999999999999,0.0
000011,0.6,0.0
000012,0.65,0.0
000013,0.7000000000000001,0.0
000014,0.7000000000000001,-0.1
000015,0.7000000000000001,-0.2
000016,0.7000000000000001,-0.30000000000000004
