frame,speed,steering_angle
000000,0.05,0.0
000001,0.1,0.0
000002,0.15000000000000002,0.0
000003,0.2,0.0
000004,0.25,0.0
000005,0.3,0.0
000006,0.35,0.0
000007,0.39999999999999997,0.0
000008,0.44999999999999996,0.0
000009,0.44999999999999996,-0.1
000010,0.44999999999999996,-0.2
